Workbook

Sheet 計算
A1: UP | D1: DOWN
A2: 18503 | B2: 20250515 | D2: =A2 -> 18503 | E2: 20250720
A3: 18553 | B3: 20250612 | D3: =ROUND(($D$7-$D$2)/20,1)*F3+$D$2 -> 18505.5 | E3: =B5 -> 20250721 | F3: 1
A4: =A3 -> 18553 | B4: 20250710 | D4: =ROUND(($D$7-$D$2)/20,1)*F4+$D$2 -> 18515.5 | E4: =B6 -> 20250725 | F4: 5
A5: =ROUND(($A$13-$A$4)/51,1)*C5+$A$4 -> 18626.7 | B5: 20250721 | C5: =B5-B4 -> 11 | D5: =ROUND(($D$7-$D$2)/20,1)*F5+$D$2 -> 18530.5 | E5: =B7 -> 20250801 | F5: 11
A6: =ROUND(($A$13-$A$4)/51,1)*C6+$A$4 -> 18653.5 | B6: 20250725 | C6: 15 | D6: =ROUND(($D$7-$D$2)/20,1)*F6+$D$2 -> 18540.5 | E6: =B8 -> 20250805 | F6: 15
A7: =ROUND(($A$13-$A$4)/51,1)*C7+$A$4 -> 18693.7 | B7: 20250801 | C7: 21 | D7: =A3 -> 18553 | E7: 20250810
A8: =ROUND(($A$13-$A$4)/51,1)*C8+$A$4 -> 18720.5 | B8: 20250805 | C8: 25 | D8: =D7 -> 18553 | E8: =B9 -> 20250812 | F8: 22
A9: =ROUND(($A$13-$A$4)/51,1)*C9+$A$4 -> 18767.4 | B9: 20250812 | C9: 32 | D9: =D8 -> 18553 | E9: =B10 -> 20250816 | F9: 26
A10: =ROUND(($A$13-$A$4)/51,1)*C10+$A$4 -> 18794.2 | B10: 20250816 | C10: 36 | D10: =A4 -> 18553 | E10: 20250820
A11: =ROUND(($A$13-$A$4)/51,1)*C11+$A$4 -> 18841.1 | B11: 20250823 | C11: 43 | D11: =ROUND(($D$18-$D$10)/39,1)*F11+$D$10 -> 18579.4 | E11: =B11 -> 20250823 | F11: 3
A12: =ROUND(($A$13-$A$4)/51,1)*C12+$A$4 -> 18867.9 | B12: 20250827 | C12: 47 | D12: =ROUND(($D$18-$D$10)/39,1)*F12+$D$10 -> 18614.6 | E12: 20250827 | F12: 7
A13: =A2+391.8 -> 18894.8 | B13: 20250831 | C13: 51 | D13: =ROUND(($D$18-$D$10)/39,1)*F13+$D$10 -> 18676.2 | E13: 20250903 | F13: 14
D14: =ROUND(($D$18-$D$10)/39,1)*F14+$D$10 -> 18711.4 | E14: 20250907 | F14: 18
A15: 延長 | D15: =ROUND(($D$18-$D$10)/39,1)*F15+$D$10 -> 18773 | E15: 20250914 | F15: 25
A16: =A13-A2 -> 391.8 | D16: =ROUND(($D$18-$D$10)/39,1)*F16+$D$10 -> 18808.2 | E16: 20250918 | F16: 29
D17: =ROUND(($D$18-$D$10)/39,1)*F17+$D$10 -> 18861 | E17: 20250925 | F17: 35
D18: =A13 -> 18894.8 | E18: 20250929 | F18: 39

Sheet Sheet1
B1: Up | F1: Down
A2: 20250721 | B2: =計算!A5 -> 18626.7 | C2: =B2-$F$2 -> 121.2 | D2: 701348 | E2: 9318469.2 | F2: =計算!D3 -> 18505.5 | G2: 0 | H2: 701373.5 | I2: 9318334.9
A3: 20250725 | B3: =計算!A6 -> 18653.5 | C3: =B3-$F$2 -> 148 | D3: 701342.3 | E3: 9318493.1 | F3: =計算!D4 -> 18515.5 | G3: =F3-$F$2 -> 10 | H3: 701372.9 | I3: 9318351.7
A4: 20250801 | B4: =計算!A7 -> 18693.7 | C4: =B4-$F$2 -> 188.2 | D4: 701336 | E4: 9318525.5 | F4: =計算!D5 -> 18530.5 | G4: =F4-$F$2 -> 25 | H4: 701370.1 | I4: 9318359.4
A5: 20250805 | B5: =計算!A8 -> 18720.5 | C5: =B5-$F$2 -> 215 | D5: 701334.6 | E5: 9318534.6 | F5: =計算!D6 -> 18540.5 | G5: =F5-$F$2 -> 35 | H5: 701366.3 | I5: 9318372.8
A6: 20250812 | B6: =計算!A9 -> 18767.4 | C6: =B6-$F$2 -> 261.9 | D6: 701321.9 | E6: 9318579.7 | F6: =計算!D8 -> 18553 | G6: =F6-$F$2 -> 47.5 | H6: 701361.3 | I6: 9318398.5
A7: 20250816 | B7: =計算!A10 -> 18794.2 | C7: =B7-$F$2 -> 288.7 | D7: 701317.7 | E7: 9318609.9 | F7: =計算!D9 -> 18553 | G7: =F7-$F$2 -> 47.5 | H7: 701361.3 | I7: 9318398.5
A8: 20250823 | B8: =計算!A11 -> 18841.1 | C8: =B8-$F$2 -> 335.6 | D8: 701310 | E8: 9318655.6 | F8: =計算!D11 -> 18579.4 | G8: =F8-$F$2 -> 73.9 | H8: 701354.3 | I8: 9318431.9
A9: 20250827 | B9: =計算!A12 -> 18867.9 | C9: =B9-$F$2 -> 362.4 | D9: 701302.9 | E9: 9318680.3 | F9: =計算!D12 -> 18614.6 | G9: =F9-$F$2 -> 109.1 | H9: 701354.3 | I9: 9318443.9
A10: 20250903 | B10: =計算!A13 -> 18894.8 | C10: =B10-$F$2 -> 389.3 | D10: 701296.6 | E10: 9318706.3 | F10: =計算!D13 -> 18676.2 | G10: =F10-$F$2 -> 170.7 | H10: 701337.4 | I10: 9318508.6
A11: 20250907 | F11: =計算!D14 -> 18711.4 | G11: =F11-$F$2 -> 205.9 | H11: 701332.5 | I11: 9318526.2
A12: 20250914 | F12: =計算!D15 -> 18773 | G12: =F12-$F$2 -> 267.5 | H12: 701319.8 | I12: 9318588.1
A13: 20250918 | F13: =計算!D16 -> 18808.2 | G13: =F13-$F$2 -> 302.7 | H13: 701314.9 | I13: 9318621.2
A14: 20250925 | F14: =計算!D17 -> 18861 | G14: =F14-$F$2 -> 355.5 | H14: 701302.9 | I14: 9318673.9
A15: 20250929 | F15: =計算!D18 -> 18894.8 | G15: =F15-$F$2 -> 389.3 | H15: 701296.6 | I15: 9318706.3
A16: 20251006

Sheet 完成
A1: date | B1: up_x | C1: up_y | D1: down_x | E1: down_y
A2: 20250721 | B2: 701348 | C2: 9318469.2 | D2: 701373.5 | E2: 9318334.9
A3: 20250725 | B3: 701342.3 | C3: 9318493.1 | D3: 701372.9 | E3: 9318351.7
A4: 20250801 | B4: 701336 | C4: 9318525.5 | D4: 701370.1 | E4: 9318359.4
A5: 20250805 | B5: 701334.6 | C5: 9318534.6 | D5: 701366.3 | E5: 9318372.8
A6: 20250812 | B6: 701321.9 | C6: 9318579.7 | D6: 701361.3 | E6: 9318398.5
A7: 20250816 | B7: 701317.7 | C7: 9318609.9 | D7: 701361.3 | E7: 9318398.5
A8: 20250823 | B8: 701310 | C8: 9318655.6 | D8: 701354.3 | E8: 9318431.9
A9: 20250827 | B9: 701302.9 | C9: 9318680.3 | D9: 701354.3 | E9: 9318443.9
A10: 20250903 | B10: 701296.6 | C10: 9318706.3 | D10: 701337.4 | E10: 9318508.6
A11: 20250907 | D11: 701332.5 | E11: 9318526.2
A12: 20250914 | D12: 701319.8 | E12: 9318588.1
A13: 20250918 | D13: 701314.9 | E13: 9318621.2
A14: 20250925 | D14: 701302.9 | E14: 9318673.9
A15: 20250929 | D15: 701296.6 | E15: 9318706.3
A16: 20251006
